case_id,customer_name,segment,industry,amount,aging_days,payment_history,contact_attempts,days_since_last_contact,geographic_region,customer_value_score,industry_risk_score,status,priority,recovery_probability,expected_recovery,actual_recovered
FDX-00001,Enterprise Solutions,mid_market,other,10000.0,120,excellent,0,120,International,41,3,new,high,0.6112,6112.33,
FDX-00002,MediTech Partners,small_business,healthcare,2000.0,40,excellent,2,15,US_Domestic,13,2,escalated,medium,0.8104,1620.82,
FDX-00003,Production Facilities,small_business,manufacturing,2000.0,52,fair,3,26,US_Domestic,9,3,in-progress,medium,0.4075,815.07,
FDX-00004,Consumer Goods Inc,mid_market,retail,10000.0,33,excellent,2,29,International,22,4,in-progress,medium,0.8496,8495.89,
FDX-00005,Tech Solutions Inc,enterprise,technology,50000.0,33,excellent,2,28,US_Domestic,17,3,assigned,medium,0.8796,43979.45,
FDX-00006,Clinical Services,mid_market,healthcare,10000.0,87,fair,0,87,US_Domestic,4,2,new,high,0.3316,3316.44,
FDX-00007,Manufacturing Systems,small_business,manufacturing,2000.0,93,fair,6,26,US_Domestic,15,3,resolved,high,0.2952,590.41,637.14
FDX-00008,Online Marketplace,mid_market,retail,10000.0,65,fair,4,32,US_Domestic,33,4,assigned,high,0.3919,3919.18,
FDX-00009,Parts Warehouse,small_business,automotive,2000.0,59,good,0,59,US_Domestic,49,3,new,medium,0.5884,1176.71,
FDX-00010,E-Commerce Solutions,small_business,retail,2000.0,89,good,5,24,International,30,4,assigned,high,0.5062,1012.33,
FDX-00011,MediTech Partners,small_business,healthcare,2000.0,65,good,4,2,US_Domestic,78,2,in-progress,high,0.5719,1143.84,
FDX-00012,Parts Warehouse,mid_market,automotive,10000.0,52,fair,3,9,US_Domestic,42,3,resolved,medium,0.4275,4275.34,4041.48
FDX-00013,Enterprise Solutions,enterprise,other,50000.0,101,good,6,7,US_Domestic,27,3,resolved,high,0.5233,26164.38,24035.14
FDX-00014,Parts Warehouse,small_business,automotive,2000.0,36,poor,2,33,US_Domestic,12,3,escalated,medium,0.2014,402.74,
FDX-00015,Consumer Goods Inc,mid_market,retail,10000.0,58,excellent,3,48,International,22,4,in-progress,medium,0.7811,7810.96,
FDX-00016,Manufacturing Systems,small_business,manufacturing,2000.0,72,fair,4,27,International,8,3,escalated,high,0.3527,705.48,
FDX-00017,Fashion Outlets,mid_market,retail,10000.0,52,fair,3,37,International,33,4,resolved,medium,0.4275,4275.34,4575.59
FDX-00018,Retail Dynamics,mid_market,retail,10000.0,59,excellent,3,22,US_Domestic,44,4,in-progress,medium,0.7784,7783.56,
FDX-00019,Cloud Services Co,small_business,technology,2000.0,88,poor,5,58,US_Domestic,21,3,escalated,high,0.1,200.0,
FDX-00020,Consumer Goods Inc,small_business,retail,2000.0,22,poor,1,17,US_Domestic,55,4,resolved,low,0.2397,479.45,505.34
FDX-00021,E-Commerce Solutions,small_business,retail,2000.0,41,fair,0,41,US_Domestic,49,4,new,medium,0.4377,875.34,
FDX-00022,General Business LLC,enterprise,other,50000.0,71,excellent,4,34,US_Domestic,36,3,assigned,high,0.7755,38773.97,
FDX-00023,E-Commerce Solutions,small_business,retail,2000.0,32,excellent,0,32,US_Domestic,8,4,new,medium,0.8323,1664.66,
FDX-00024,Auto Parts Distributors,small_business,automotive,2000.0,39,excellent,2,36,US_Domestic,3,3,escalated,medium,0.8132,1626.3,
FDX-00025,E-Commerce Solutions,small_business,retail,2000.0,65,fair,4,33,US_Domestic,42,4,in-progress,high,0.3719,743.84,
FDX-00026,Data Analytics,mid_market,technology,10000.0,37,good,2,26,US_Domestic,12,3,assigned,medium,0.6686,6686.3,
FDX-00027,Clinical Services,small_business,healthcare,2000.0,69,good,4,35,International,16,2,in-progress,high,0.561,1121.92,
FDX-00028,Production Facilities,mid_market,manufacturing,10000.0,29,good,1,25,US_Domestic,35,3,in-progress,low,0.6905,6905.48,
FDX-00029,Clinical Services,mid_market,healthcare,10000.0,60,excellent,4,16,International,20,2,escalated,medium,0.7756,7756.16,
FDX-00030,Fashion Outlets,small_business,retail,2000.0,87,poor,5,40,US_Domestic,39,4,in-progress,high,0.1,200.0,
FDX-00031,Vehicle Systems,small_business,automotive,2000.0,43,fair,2,31,US_Domestic,45,3,in-progress,medium,0.4322,864.38,
FDX-00032,HealthCare Systems,mid_market,healthcare,10000.0,34,excellent,2,1,International,30,2,in-progress,medium,0.8468,8468.49,
FDX-00033,Trading Company,mid_market,other,10000.0,60,good,4,18,US_Domestic,36,3,escalated,medium,0.6056,6056.16,
FDX-00034,Trading Company,mid_market,other,10000.0,49,good,3,26,US_Domestic,50,3,assigned,medium,0.6358,6357.53,
FDX-00035,E-Commerce Solutions,small_business,retail,2000.0,90,good,6,6,International,30,4,escalated,high,0.5034,1006.85,
FDX-00036,MediTech Partners,small_business,healthcare,2000.0,113,poor,7,26,US_Domestic,17,2,in-progress,high,0.1,200.0,
FDX-00037,HealthCare Systems,enterprise,healthcare,50000.0,60,good,4,23,International,22,2,escalated,medium,0.6356,31780.82,
FDX-00038,Consumer Goods Inc,small_business,retail,2000.0,80,good,0,80,US_Domestic,10,4,new,high,0.5308,1061.64,
FDX-00039,Vehicle Systems,small_business,automotive,2000.0,26,fair,1,2,International,20,3,in-progress,low,0.4788,957.53,
FDX-00040,E-Commerce Solutions,mid_market,retail,10000.0,45,fair,3,42,International,59,4,in-progress,medium,0.4467,4467.12,
FDX-00041,Software Systems,small_business,technology,2000.0,66,fair,4,16,US_Domestic,14,3,in-progress,high,0.3692,738.36,
FDX-00042,E-Commerce Solutions,small_business,retail,2000.0,55,poor,3,42,US_Domestic,32,4,assigned,medium,0.1493,298.63,
FDX-00043,Digital Innovations,enterprise,technology,50000.0,35,good,2,17,US_Domestic,29,3,in-progress,medium,0.7041,35205.48,
FDX-00044,Retail Dynamics,small_business,retail,2000.0,45,excellent,3,23,US_Domestic,29,4,resolved,medium,0.7967,1593.42,1511.35
FDX-00045,Medical Supplies Co,small_business,healthcare,2000.0,102,fair,6,13,US_Domestic,29,2,assigned,high,0.2705,541.1,
FDX-00046,Fashion Outlets,small_business,retail,2000.0,10,poor,1,8,US_Domestic,50,4,in-progress,low,0.2726,545.21,
FDX-00047,Automotive Solutions,enterprise,automotive,50000.0,59,excellent,3,30,US_Domestic,39,3,escalated,medium,0.8084,40417.81,
FDX-00048,Digital Innovations,small_business,technology,2000.0,77,fair,5,38,US_Domestic,5,3,resolved,high,0.339,678.08,655.92
FDX-00049,Online Marketplace,small_business,retail,2000.0,76,excellent,0,76,US_Domestic,7,4,new,high,0.7118,1423.56,
FDX-00050,Commercial Services,small_business,other,2000.0,66,good,0,66,International,18,3,new,high,0.5692,1138.36,
FDX-00051,Auto Parts Distributors,small_business,automotive,2000.0,36,poor,2,25,International,13,3,assigned,medium,0.2014,402.74,
FDX-00052,Consumer Goods Inc,small_business,retail,2000.0,64,fair,4,51,US_Domestic,15,4,escalated,high,0.3747,749.32,
FDX-00053,E-Commerce Solutions,small_business,retail,2000.0,91,good,6,37,International,22,4,assigned,high,0.5007,1001.37,
FDX-00054,Automotive Solutions,mid_market,automotive,10000.0,44,excellent,2,12,International,7,3,assigned,medium,0.8195,8194.52,
FDX-00055,MediTech Partners,mid_market,healthcare,10000.0,59,good,3,12,International,42,2,escalated,medium,0.6084,6083.56,
FDX-00056,Retail Dynamics,small_business,retail,2000.0,70,good,4,58,US_Domestic,36,4,in-progress,high,0.5582,1116.44,
FDX-00057,Digital Innovations,mid_market,technology,10000.0,72,fair,4,57,US_Domestic,6,3,assigned,high,0.3727,3727.4,
FDX-00058,E-Commerce Solutions,mid_market,retail,10000.0,58,poor,3,25,US_Domestic,40,4,assigned,medium,0.1611,1610.96,
FDX-00059,Industrial Components,enterprise,manufacturing,50000.0,45,poor,3,1,US_Domestic,6,3,in-progress,medium,0.2267,11335.62,
FDX-00060,Clinical Services,mid_market,healthcare,10000.0,188,fair,12,2,US_Domestic,6,2,in-progress,high,0.17,1700.0,
FDX-00061,Industrial Components,enterprise,manufacturing,50000.0,71,fair,4,32,International,17,3,escalated,high,0.4055,20273.97,
FDX-00062,E-Commerce Solutions,mid_market,retail,10000.0,58,fair,3,32,International,26,4,escalated,medium,0.4111,4110.96,
FDX-00063,HealthCare Systems,enterprise,healthcare,50000.0,64,fair,4,20,US_Domestic,11,2,resolved,high,0.4247,21232.88,20575.47
FDX-00064,Software Systems,mid_market,technology,10000.0,91,good,0,91,US_Domestic,41,3,new,high,0.5207,5206.85,
FDX-00065,Clinical Services,mid_market,healthcare,10000.0,63,fair,4,42,US_Domestic,19,2,in-progress,high,0.3974,3973.97,
FDX-00066,HealthCare Systems,enterprise,healthcare,50000.0,125,excellent,8,26,US_Domestic,73,2,escalated,high,0.6275,31376.71,
FDX-00067,Fashion Outlets,enterprise,retail,50000.0,35,excellent,2,34,US_Domestic,8,4,resolved,medium,0.8741,43705.48,44053.75
FDX-00068,MediTech Partners,small_business,healthcare,2000.0,188,fair,0,188,US_Domestic,12,2,new,high,0.15,300.0,
FDX-00069,Vehicle Systems,small_business,automotive,2000.0,25,good,0,25,International,41,3,new,low,0.6815,1363.01,
FDX-00070,Manufacturing Systems,small_business,manufacturing,2000.0,107,fair,7,18,US_Domestic,29,3,escalated,high,0.2568,513.7,
FDX-00071,Pharma Logistics,small_business,healthcare,2000.0,47,fair,0,47,US_Domestic,7,2,new,medium,0.4212,842.47,
FDX-00072,Pharma Logistics,enterprise,healthcare,50000.0,26,excellent,1,17,US_Domestic,44,2,assigned,medium,0.8988,44938.36,
FDX-00073,Pharma Logistics,mid_market,healthcare,10000.0,56,fair,3,52,US_Domestic,42,2,escalated,medium,0.4166,4165.75,
FDX-00074,Manufacturing Systems,small_business,manufacturing,2000.0,15,good,0,15,US_Domestic,8,3,new,low,0.7089,1417.81,
FDX-00075,MediTech Partners,small_business,healthcare,2000.0,45,poor,3,37,US_Domestic,6,2,resolved,medium,0.1767,353.42,388.14
FDX-00076,Auto Parts Distributors,mid_market,automotive,10000.0,76,excellent,5,41,US_Domestic,22,3,in-progress,high,0.7318,7317.81,
FDX-00077,Online Marketplace,small_business,retail,2000.0,14,fair,1,3,International,27,4,escalated,low,0.5116,1023.29,
FDX-00078,Vehicle Systems,enterprise,automotive,50000.0,35,poor,2,9,US_Domestic,29,3,escalated,medium,0.2541,12705.48,
FDX-00079,Assembly Solutions,mid_market,manufacturing,10000.0,30,fair,0,30,International,11,3,new,low,0.4878,4878.08,
FDX-00080,Fashion Outlets,small_business,retail,2000.0,67,poor,4,59,International,31,4,assigned,high,0.1164,232.88,
FDX-00081,Clinical Services,small_business,healthcare,2000.0,42,good,2,14,International,11,2,resolved,medium,0.6349,1269.86,1238.55
FDX-00082,HealthCare Systems,small_business,healthcare,2000.0,61,good,4,30,International,44,2,in-progress,high,0.5829,1165.75,
FDX-00083,Production Facilities,small_business,manufacturing,2000.0,33,poor,2,15,International,22,3,escalated,medium,0.2096,419.18,
FDX-00084,Cloud Services Co,small_business,technology,2000.0,36,good,2,4,US_Domestic,33,3,in-progress,medium,0.6514,1302.74,
FDX-00085,Industrial Components,small_business,manufacturing,2000.0,39,poor,0,39,International,23,3,new,medium,0.1932,386.3,
FDX-00086,Software Systems,small_business,technology,2000.0,22,fair,1,14,US_Domestic,49,3,escalated,low,0.4897,979.45,
FDX-00087,Data Analytics,small_business,technology,2000.0,48,fair,3,20,US_Domestic,12,3,in-progress,medium,0.4185,836.99,
FDX-00088,Consumer Goods Inc,small_business,retail,2000.0,146,poor,9,11,International,29,4,resolved,high,0.1,200.0,219.47
FDX-00089,E-Commerce Solutions,small_business,retail,2000.0,29,excellent,0,29,US_Domestic,14,4,new,low,0.8405,1681.1,
FDX-00090,Production Facilities,enterprise,manufacturing,50000.0,60,good,4,12,International,46,3,assigned,medium,0.6356,31780.82,
FDX-00091,E-Commerce Solutions,small_business,retail,2000.0,110,excellent,7,14,US_Domestic,40,4,assigned,high,0.6186,1237.26,
FDX-00092,Online Marketplace,mid_market,retail,10000.0,74,excellent,4,6,International,45,4,assigned,high,0.7373,7372.6,
FDX-00093,Cloud Services Co,mid_market,technology,10000.0,43,good,2,37,US_Domestic,29,3,resolved,medium,0.6522,6521.92,6815.74
FDX-00094,Commercial Services,small_business,other,2000.0,15,poor,1,13,US_Domestic,13,3,assigned,low,0.2589,517.81,
FDX-00095,Digital Innovations,mid_market,technology,10000.0,52,fair,3,39,US_Domestic,48,3,in-progress,medium,0.4275,4275.34,
FDX-00096,HealthCare Systems,small_business,healthcare,2000.0,131,good,8,10,US_Domestic,75,2,assigned,high,0.3911,782.19,
FDX-00097,Online Marketplace,mid_market,retail,10000.0,21,good,1,17,International,4,4,in-progress,low,0.7125,7124.66,
FDX-00098,General Business LLC,enterprise,other,50000.0,43,good,2,37,International,24,3,assigned,medium,0.6822,34109.59,
FDX-00099,Production Facilities,mid_market,manufacturing,10000.0,55,good,3,38,US_Domestic,23,3,assigned,medium,0.6193,6193.15,
FDX-00100,HealthCare Systems,mid_market,healthcare,10000.0,33,poor,2,1,International,34,2,assigned,medium,0.2296,2295.89,
FDX-00101,General Business LLC,enterprise,other,50000.0,98,good,6,5,US_Domestic,40,3,in-progress,high,0.5315,26575.34,
FDX-00102,Vehicle Systems,mid_market,automotive,10000.0,65,fair,4,46,International,39,3,in-progress,high,0.3919,3919.18,
FDX-00103,HealthCare Systems,small_business,healthcare,2000.0,24,fair,1,1,US_Domestic,4,2,in-progress,low,0.4842,968.49,
FDX-00104,Vehicle Systems,mid_market,automotive,10000.0,6,good,1,2,US_Domestic,85,3,in-progress,low,0.7536,7535.62,
FDX-00105,General Business LLC,small_business,other,2000.0,45,excellent,3,22,US_Domestic,27,3,escalated,medium,0.7967,1593.42,
FDX-00106,Retail Dynamics,small_business,retail,2000.0,89,good,5,25,US_Domestic,6,4,in-progress,high,0.5062,1012.33,
FDX-00107,Tech Solutions Inc,small_business,technology,2000.0,52,fair,0,52,US_Domestic,24,3,new,medium,0.4075,815.07,
FDX-00108,Industrial Components,small_business,manufacturing,2000.0,39,fair,2,27,International,13,3,in-progress,medium,0.4432,886.3,
FDX-00109,Medical Supplies Co,small_business,healthcare,2000.0,24,poor,1,21,US_Domestic,14,2,in-progress,low,0.2342,468.49,
FDX-00110,Assembly Solutions,mid_market,manufacturing,10000.0,78,good,5,41,International,21,3,in-progress,high,0.5563,5563.01,
FDX-00111,Fashion Outlets,small_business,retail,2000.0,21,fair,1,2,US_Domestic,35,4,in-progress,low,0.4925,984.93,
FDX-00112,Tech Solutions Inc,small_business,technology,2000.0,79,fair,0,79,US_Domestic,45,3,new,high,0.3336,667.12,
FDX-00113,Medical Supplies Co,small_business,healthcare,2000.0,38,poor,0,38,International,11,2,new,medium,0.1959,391.78,
FDX-00114,Auto Parts Distributors,small_business,automotive,2000.0,181,excellent,0,181,US_Domestic,21,3,new,high,0.52,1040.0,
FDX-00115,Online Marketplace,mid_market,retail,10000.0,24,poor,1,22,US_Domestic,60,4,in-progress,low,0.2542,2542.47,
FDX-00116,Parts Warehouse,mid_market,automotive,10000.0,64,good,0,64,US_Domestic,45,3,new,high,0.5947,5946.58,
FDX-00117,Consumer Goods Inc,small_business,retail,2000.0,46,excellent,3,3,International,25,4,escalated,medium,0.794,1587.95,
FDX-00118,General Business LLC,enterprise,other,50000.0,55,excellent,3,18,US_Domestic,29,3,in-progress,medium,0.8193,40965.75,
FDX-00119,Consumer Goods Inc,small_business,retail,2000.0,43,good,0,43,US_Domestic,19,4,new,medium,0.6322,1264.38,
FDX-00120,Data Analytics,small_business,technology,2000.0,33,fair,2,18,US_Domestic,17,3,resolved,medium,0.4596,919.18,903.39
FDX-00121,General Business LLC,mid_market,other,10000.0,41,fair,2,23,US_Domestic,7,3,in-progress,medium,0.4577,4576.71,
FDX-00122,Clinical Services,mid_market,healthcare,10000.0,40,good,2,26,US_Domestic,16,2,in-progress,medium,0.6604,6604.11,
FDX-00123,Online Marketplace,mid_market,retail,10000.0,60,fair,4,1,International,26,4,assigned,medium,0.4056,4056.16,
FDX-00124,Retail Dynamics,small_business,retail,2000.0,9,poor,1,5,US_Domestic,15,4,in-progress,low,0.2753,550.68,
FDX-00125,Production Facilities,small_business,manufacturing,2000.0,56,fair,3,31,US_Domestic,52,3,in-progress,medium,0.3966,793.15,
FDX-00126,Retail Dynamics,mid_market,retail,10000.0,48,fair,3,40,US_Domestic,12,4,resolved,medium,0.4385,4384.93,4625.78
FDX-00127,E-Commerce Solutions,small_business,retail,2000.0,79,fair,0,79,US_Domestic,20,4,new,high,0.3336,667.12,
FDX-00128,Trading Company,mid_market,other,10000.0,21,good,1,20,US_Domestic,25,3,in-progress,low,0.7125,7124.66,
FDX-00129,Software Systems,small_business,technology,2000.0,73,fair,4,8,International,8,3,assigned,high,0.35,700.0,
FDX-00130,Fashion Outlets,mid_market,retail,10000.0,64,excellent,4,15,US_Domestic,27,4,escalated,high,0.7647,7646.58,
FDX-00131,Fashion Outlets,mid_market,retail,10000.0,66,fair,4,42,US_Domestic,28,4,assigned,high,0.3892,3891.78,
FDX-00132,Parts Warehouse,mid_market,automotive,10000.0,19,good,1,9,US_Domestic,27,3,assigned,low,0.7179,7179.45,
FDX-00133,Software Systems,small_business,technology,2000.0,68,excellent,4,56,US_Domestic,31,3,assigned,high,0.7337,1467.4,
FDX-00134,Industrial Components,enterprise,manufacturing,50000.0,23,fair,1,3,US_Domestic,30,3,in-progress,medium,0.537,26849.32,
FDX-00135,Retail Dynamics,small_business,retail,2000.0,66,fair,4,53,International,0,4,escalated,high,0.3692,738.36,
FDX-00136,Cloud Services Co,enterprise,technology,50000.0,76,fair,5,17,US_Domestic,9,3,in-progress,high,0.3918,19589.04,
FDX-00137,Online Marketplace,mid_market,retail,10000.0,65,good,0,65,US_Domestic,14,4,new,high,0.5919,5919.18,
FDX-00138,Parts Warehouse,enterprise,automotive,50000.0,21,excellent,1,5,International,18,3,in-progress,medium,0.9125,45623.29,
FDX-00139,Manufacturing Systems,small_business,manufacturing,2000.0,24,fair,1,4,US_Domestic,48,3,resolved,low,0.4842,968.49,954.72
FDX-00140,MediTech Partners,small_business,healthcare,2000.0,52,poor,0,52,US_Domestic,8,2,new,medium,0.1575,315.07,
FDX-00141,Consumer Goods Inc,small_business,retail,2000.0,37,poor,2,3,International,27,4,assigned,medium,0.1986,397.26,
FDX-00142,HealthCare Systems,mid_market,healthcare,10000.0,37,fair,2,17,International,32,2,in-progress,medium,0.4686,4686.3,
FDX-00143,Pharma Logistics,small_business,healthcare,2000.0,3,poor,1,2,US_Domestic,16,2,resolved,low,0.2918,583.56,617.05
FDX-00144,Enterprise Solutions,mid_market,other,10000.0,116,fair,7,4,International,7,3,in-progress,high,0.2522,2521.92,
FDX-00145,Trading Company,mid_market,other,10000.0,66,good,0,66,US_Domestic,29,3,new,high,0.5892,5891.78,
FDX-00146,Consumer Goods Inc,small_business,retail,2000.0,18,fair,1,8,International,40,4,in-progress,low,0.5007,1001.37,
FDX-00147,MediTech Partners,small_business,healthcare,2000.0,107,good,7,28,US_Domestic,11,2,in-progress,high,0.4568,913.7,
FDX-00148,Parts Warehouse,small_business,automotive,2000.0,53,poor,3,13,US_Domestic,12,3,resolved,medium,0.1548,309.59,280.45
FDX-00149,Pharma Logistics,small_business,healthcare,2000.0,75,poor,5,19,International,5,2,in-progress,high,0.1,200.0,
FDX-00150,HealthCare Systems,mid_market,healthcare,10000.0,73,excellent,0,73,US_Domestic,54,2,new,high,0.74,7400.0,
FDX-00151,Fashion Outlets,small_business,retail,2000.0,57,fair,3,40,US_Domestic,11,4,assigned,medium,0.3938,787.67,
FDX-00152,Fashion Outlets,small_business,retail,2000.0,34,good,2,14,International,43,4,resolved,medium,0.6568,1313.7,1353.31
FDX-00153,Medical Supplies Co,enterprise,healthcare,50000.0,18,excellent,0,18,US_Domestic,15,2,new,medium,0.9207,46034.25,
FDX-00154,Clinical Services,small_business,healthcare,2000.0,87,poor,5,9,US_Domestic,13,2,in-progress,high,0.1,200.0,
FDX-00155,Clinical Services,small_business,healthcare,2000.0,44,good,2,30,US_Domestic,15,2,assigned,medium,0.6295,1258.9,
FDX-00156,Digital Innovations,small_business,technology,2000.0,38,fair,2,20,US_Domestic,52,3,resolved,medium,0.4459,891.78,957.51
FDX-00157,Fashion Outlets,small_business,retail,2000.0,78,good,5,41,US_Domestic,24,4,resolved,high,0.5363,1072.6,1134.56
FDX-00158,E-Commerce Solutions,mid_market,retail,10000.0,30,fair,2,2,US_Domestic,42,4,escalated,low,0.4878,4878.08,
FDX-00159,Software Systems,small_business,technology,2000.0,17,fair,1,16,US_Domestic,44,3,in-progress,low,0.5034,1006.85,
FDX-00160,Software Systems,small_business,technology,2000.0,18,good,0,18,US_Domestic,13,3,new,low,0.7007,1401.37,
FDX-00161,Auto Parts Distributors,small_business,automotive,2000.0,51,excellent,3,1,US_Domestic,31,3,assigned,medium,0.7803,1560.55,
FDX-00162,Automotive Solutions,mid_market,automotive,10000.0,35,excellent,2,18,US_Domestic,24,3,in-progress,medium,0.8441,8441.1,
FDX-00163,Trading Company,mid_market,other,10000.0,100,good,0,100,US_Domestic,23,3,new,high,0.496,4960.27,
FDX-00164,Online Marketplace,small_business,retail,2000.0,89,good,0,89,US_Domestic,40,4,new,high,0.5062,1012.33,
FDX-00165,Fashion Outlets,small_business,retail,2000.0,89,fair,5,34,US_Domestic,73,4,in-progress,high,0.3062,612.33,
FDX-00166,Software Systems,small_business,technology,2000.0,83,good,5,37,US_Domestic,20,3,assigned,high,0.5226,1045.21,
FDX-00167,MediTech Partners,mid_market,healthcare,10000.0,31,good,2,20,US_Domestic,12,2,in-progress,medium,0.6851,6850.68,
FDX-00168,Medical Supplies Co,small_business,healthcare,2000.0,48,good,3,6,International,6,2,in-progress,medium,0.6185,1236.99,
FDX-00169,E-Commerce Solutions,mid_market,retail,10000.0,52,excellent,3,17,US_Domestic,61,4,in-progress,medium,0.7975,7975.34,
FDX-00170,Software Systems,mid_market,technology,10000.0,94,fair,6,21,US_Domestic,2,3,assigned,high,0.3125,3124.66,
FDX-00171,Parts Warehouse,mid_market,automotive,10000.0,34,good,2,24,US_Domestic,32,3,assigned,medium,0.6768,6768.49,
FDX-00172,Medical Supplies Co,small_business,healthcare,2000.0,122,fair,0,122,International,16,2,new,high,0.2158,431.51,
FDX-00173,HealthCare Systems,small_business,healthcare,2000.0,52,poor,3,36,US_Domestic,44,2,in-progress,medium,0.1575,315.07,
FDX-00174,Manufacturing Systems,mid_market,manufacturing,10000.0,91,good,6,7,International,24,3,in-progress,high,0.5207,5206.85,
FDX-00175,Digital Innovations,mid_market,technology,10000.0,30,poor,2,23,US_Domestic,57,3,assigned,low,0.2378,2378.08,
FDX-00176,Manufacturing Systems,small_business,manufacturing,2000.0,93,fair,6,35,International,35,3,resolved,high,0.2952,590.41,618.5
FDX-00177,MediTech Partners,small_business,healthcare,2000.0,70,fair,0,70,US_Domestic,9,2,new,high,0.3582,716.44,
FDX-00178,MediTech Partners,mid_market,healthcare,10000.0,60,good,4,16,US_Domestic,41,2,resolved,medium,0.6056,6056.16,6496.33
FDX-00179,Enterprise Solutions,small_business,other,2000.0,47,fair,3,41,US_Domestic,54,3,assigned,medium,0.4212,842.47,
FDX-00180,Consumer Goods Inc,mid_market,retail,10000.0,59,excellent,3,52,US_Domestic,57,4,resolved,medium,0.7784,7783.56,8127.06
FDX-00181,Data Analytics,mid_market,technology,10000.0,27,fair,1,17,US_Domestic,20,3,assigned,low,0.496,4960.27,
FDX-00182,Medical Supplies Co,small_business,healthcare,2000.0,25,fair,1,19,US_Domestic,17,2,escalated,low,0.4815,963.01,
FDX-00183,Fashion Outlets,enterprise,retail,50000.0,67,fair,4,24,International,25,4,assigned,high,0.4164,20821.92,
FDX-00184,Commercial Services,small_business,other,2000.0,27,poor,1,16,US_Domestic,16,3,in-progress,low,0.226,452.05,
FDX-00185,E-Commerce Solutions,small_business,retail,2000.0,114,fair,7,36,US_Domestic,5,4,in-progress,high,0.2377,475.34,
FDX-00186,Trading Company,small_business,other,2000.0,42,fair,0,42,US_Domestic,36,3,new,medium,0.4349,869.86,
FDX-00187,Pharma Logistics,small_business,healthcare,2000.0,24,excellent,1,3,US_Domestic,52,2,in-progress,low,0.8542,1708.49,
FDX-00188,Online Marketplace,enterprise,retail,50000.0,122,excellent,0,122,International,14,4,new,high,0.6358,31787.67,
FDX-00189,MediTech Partners,mid_market,healthcare,10000.0,32,good,2,16,US_Domestic,19,2,in-progress,medium,0.6823,6823.29,
FDX-00190,Retail Dynamics,small_business,retail,2000.0,34,poor,2,29,US_Domestic,52,4,resolved,medium,0.2068,413.7,451.58
FDX-00191,Fashion Outlets,mid_market,retail,10000.0,110,fair,7,26,US_Domestic,43,4,assigned,high,0.2686,2686.3,
FDX-00192,Fashion Outlets,small_business,retail,2000.0,72,good,4,57,International,20,4,resolved,high,0.5527,1105.48,1134.43
FDX-00193,Fashion Outlets,enterprise,retail,50000.0,31,fair,2,6,US_Domestic,14,4,escalated,medium,0.5151,25753.42,
FDX-00194,Online Marketplace,mid_market,retail,10000.0,66,poor,4,35,US_Domestic,35,4,assigned,high,0.1392,1391.78,
FDX-00195,Consumer Goods Inc,mid_market,retail,10000.0,34,excellent,2,17,International,32,4,resolved,medium,0.8468,8468.49,8429.37
FDX-00196,Manufacturing Systems,mid_market,manufacturing,10000.0,70,fair,4,9,International,11,3,in-progress,high,0.3782,3782.19,
FDX-00197,Software Systems,mid_market,technology,10000.0,80,good,0,80,US_Domestic,13,3,new,high,0.5508,5508.22,
FDX-00198,Online Marketplace,small_business,retail,2000.0,148,excellent,0,148,US_Domestic,7,4,new,high,0.52,1040.0,
FDX-00199,Software Systems,small_business,technology,2000.0,80,poor,0,80,US_Domestic,15,3,new,high,0.1,200.0,
FDX-00200,Consumer Goods Inc,small_business,retail,2000.0,39,good,2,26,International,52,4,escalated,medium,0.6432,1286.3,
FDX-00201,Digital Innovations,mid_market,technology,10000.0,15,good,1,10,International,19,3,in-progress,low,0.7289,7289.04,
FDX-00202,Fashion Outlets,small_business,retail,2000.0,35,poor,2,6,US_Domestic,32,4,in-progress,medium,0.2041,408.22,
FDX-00203,HealthCare Systems,small_business,healthcare,2000.0,36,fair,2,13,US_Domestic,8,2,in-progress,medium,0.4514,902.74,
FDX-00204,Trading Company,mid_market,other,10000.0,36,fair,0,36,US_Domestic,42,3,new,medium,0.4714,4713.7,
FDX-00205,Fashion Outlets,small_business,retail,2000.0,70,excellent,4,49,US_Domestic,19,4,in-progress,high,0.7282,1456.44,
FDX-00206,HealthCare Systems,small_business,healthcare,2000.0,46,excellent,3,20,International,17,2,assigned,medium,0.794,1587.95,
FDX-00207,Online Marketplace,mid_market,retail,10000.0,58,fair,0,58,International,38,4,new,medium,0.4111,4110.96,
FDX-00208,E-Commerce Solutions,small_business,retail,2000.0,54,good,3,35,International,35,4,resolved,medium,0.6021,1204.11,1234.22
FDX-00209,Manufacturing Systems,small_business,manufacturing,2000.0,82,fair,5,19,US_Domestic,20,3,resolved,high,0.3253,650.68,636.46
FDX-00210,Online Marketplace,mid_market,retail,10000.0,29,excellent,1,18,US_Domestic,7,4,resolved,low,0.8605,8605.48,9370.42
FDX-00211,Manufacturing Systems,small_business,manufacturing,2000.0,42,fair,2,24,US_Domestic,32,3,escalated,medium,0.4349,869.86,
FDX-00212,Consumer Goods Inc,enterprise,retail,50000.0,66,good,4,49,US_Domestic,19,4,assigned,high,0.6192,30958.9,
FDX-00213,Manufacturing Systems,small_business,manufacturing,2000.0,25,poor,0,25,US_Domestic,10,3,new,low,0.2315,463.01,
FDX-00214,Trading Company,enterprise,other,50000.0,23,good,1,4,US_Domestic,34,3,assigned,medium,0.737,36849.32,
FDX-00215,Data Analytics,small_business,technology,2000.0,80,good,0,80,US_Domestic,39,3,new,high,0.5308,1061.64,
FDX-00216,Manufacturing Systems,small_business,manufacturing,2000.0,24,fair,1,20,International,18,3,assigned,low,0.4842,968.49,
FDX-00217,General Business LLC,mid_market,other,10000.0,17,fair,1,7,US_Domestic,26,3,assigned,low,0.5234,5234.25,
FDX-00218,MediTech Partners,enterprise,healthcare,50000.0,79,excellent,5,16,US_Domestic,29,2,in-progress,high,0.7536,37678.08,
FDX-00219,Industrial Components,small_business,manufacturing,2000.0,131,good,8,6,International,43,3,escalated,high,0.3911,782.19,
FDX-00220,Online Marketplace,small_business,retail,2000.0,79,good,5,43,International,38,4,in-progress,high,0.5336,1067.12,
FDX-00221,Pharma Logistics,mid_market,healthcare,10000.0,28,excellent,1,6,US_Domestic,47,2,in-progress,low,0.8633,8632.88,
FDX-00222,Vehicle Systems,mid_market,automotive,10000.0,11,fair,0,11,International,15,3,new,low,0.5399,5398.63,
FDX-00223,Retail Dynamics,mid_market,retail,10000.0,30,good,2,22,International,16,4,assigned,low,0.6878,6878.08,
FDX-00224,Industrial Components,mid_market,manufacturing,10000.0,28,excellent,1,8,International,46,3,assigned,low,0.8633,8632.88,
FDX-00225,Pharma Logistics,enterprise,healthcare,50000.0,68,excellent,4,9,US_Domestic,17,2,assigned,high,0.7837,39184.93,
FDX-00226,Trading Company,small_business,other,2000.0,38,fair,2,1,US_Domestic,60,3,in-progress,medium,0.4459,891.78,
FDX-00227,Retail Dynamics,enterprise,retail,50000.0,31,good,2,5,International,35,4,assigned,medium,0.7151,35753.42,
FDX-00228,Assembly Solutions,small_business,manufacturing,2000.0,46,fair,3,28,International,13,3,escalated,medium,0.424,847.95,
FDX-00229,Parts Warehouse,mid_market,automotive,10000.0,46,fair,3,30,US_Domestic,9,3,in-progress,medium,0.444,4439.73,
FDX-00230,Pharma Logistics,small_business,healthcare,2000.0,38,poor,2,29,US_Domestic,31,2,in-progress,medium,0.1959,391.78,
FDX-00231,Manufacturing Systems,mid_market,manufacturing,10000.0,91,excellent,6,49,US_Domestic,14,3,resolved,high,0.6907,6906.85,7018.76
FDX-00232,Automotive Solutions,small_business,automotive,2000.0,76,excellent,5,44,International,23,3,resolved,high,0.7118,1423.56,1539.79
FDX-00233,E-Commerce Solutions,small_business,retail,2000.0,67,fair,4,13,International,69,4,assigned,high,0.3664,732.88,
FDX-00234,Trading Company,mid_market,other,10000.0,54,fair,3,26,US_Domestic,20,3,in-progress,medium,0.4221,4220.55,
FDX-00235,Industrial Components,small_business,manufacturing,2000.0,29,fair,1,4,International,15,3,assigned,low,0.4705,941.1,
FDX-00236,Software Systems,small_business,technology,2000.0,51,excellent,3,35,International,37,3,escalated,medium,0.7803,1560.55,
FDX-00237,Production Facilities,small_business,manufacturing,2000.0,33,fair,2,29,US_Domestic,53,3,resolved,medium,0.4596,919.18,1010.66
FDX-00238,Digital Innovations,small_business,technology,2000.0,51,poor,3,30,US_Domestic,7,3,in-progress,medium,0.1603,320.55,
FDX-00239,Data Analytics,small_business,technology,2000.0,24,poor,1,10,US_Domestic,35,3,in-progress,low,0.2342,468.49,
FDX-00240,Software Systems,mid_market,technology,10000.0,58,good,3,5,International,27,3,in-progress,medium,0.6111,6110.96,
FDX-00241,Cloud Services Co,small_business,technology,2000.0,77,fair,5,54,US_Domestic,44,3,escalated,high,0.339,678.08,
FDX-00242,Consumer Goods Inc,enterprise,retail,50000.0,51,good,0,51,US_Domestic,11,4,new,medium,0.6603,33013.7,
FDX-00243,Retail Dynamics,mid_market,retail,10000.0,23,poor,1,8,US_Domestic,42,4,in-progress,low,0.257,2569.86,
FDX-00244,Auto Parts Distributors,small_business,automotive,2000.0,83,poor,5,48,US_Domestic,28,3,escalated,high,0.1,200.0,
FDX-00245,Fashion Outlets,small_business,retail,2000.0,69,excellent,4,39,US_Domestic,63,4,assigned,high,0.731,1461.92,
FDX-00246,Consumer Goods Inc,small_business,retail,2000.0,21,poor,0,21,US_Domestic,31,4,new,low,0.2425,484.93,
FDX-00247,Vehicle Systems,mid_market,automotive,10000.0,26,excellent,1,17,US_Domestic,25,3,assigned,low,0.8688,8687.67,
FDX-00248,HealthCare Systems,small_business,healthcare,2000.0,83,excellent,5,31,US_Domestic,8,2,in-progress,high,0.6926,1385.21,
FDX-00249,Assembly Solutions,small_business,manufacturing,2000.0,66,fair,4,17,International,43,3,resolved,high,0.3692,738.36,782.62
FDX-00250,Retail Dynamics,mid_market,retail,10000.0,38,poor,2,19,International,34,4,assigned,medium,0.2159,2158.9,
FDX-00251,Software Systems,small_business,technology,2000.0,61,good,4,32,International,34,3,escalated,high,0.5829,1165.75,
FDX-00252,Auto Parts Distributors,small_business,automotive,2000.0,104,good,6,41,US_Domestic,5,3,escalated,high,0.4651,930.14,
FDX-00253,Auto Parts Distributors,small_business,automotive,2000.0,110,fair,7,17,US_Domestic,30,3,in-progress,high,0.2486,497.26,
FDX-00254,Online Marketplace,mid_market,retail,10000.0,35,good,2,13,International,37,4,in-progress,medium,0.6741,6741.1,
FDX-00255,Assembly Solutions,enterprise,manufacturing,50000.0,79,good,0,79,US_Domestic,15,3,new,high,0.5836,29178.08,
FDX-00256,Medical Supplies Co,small_business,healthcare,2000.0,17,good,1,14,US_Domestic,52,2,resolved,low,0.7034,1406.85,1507.16
FDX-00257,Production Facilities,mid_market,manufacturing,10000.0,30,good,2,21,International,25,3,assigned,low,0.6878,6878.08,
FDX-00258,Software Systems,mid_market,technology,10000.0,112,good,7,36,International,40,3,escalated,high,0.4632,4631.51,
FDX-00259,Digital Innovations,mid_market,technology,10000.0,49,good,3,12,US_Domestic,23,3,resolved,medium,0.6358,6357.53,6289.78
FDX-00260,Medical Supplies Co,mid_market,healthcare,10000.0,20,good,0,20,International,28,2,new,low,0.7152,7152.05,
FDX-00261,Data Analytics,small_business,technology,2000.0,31,excellent,2,2,US_Domestic,29,3,in-progress,medium,0.8351,1670.14,
FDX-00262,Software Systems,small_business,technology,2000.0,12,good,1,9,US_Domestic,24,3,assigned,low,0.7171,1434.25,
FDX-00263,Production Facilities,small_business,manufacturing,2000.0,46,excellent,3,5,US_Domestic,48,3,resolved,medium,0.794,1587.95,1501.01
FDX-00264,Assembly Solutions,small_business,manufacturing,2000.0,55,excellent,3,8,US_Domestic,46,3,assigned,medium,0.7693,1538.63,
FDX-00265,Retail Dynamics,enterprise,retail,50000.0,25,fair,1,22,US_Domestic,20,4,resolved,medium,0.5315,26575.34,25028.97
FDX-00266,Digital Innovations,small_business,technology,2000.0,57,excellent,3,27,International,45,3,in-progress,medium,0.7638,1527.67,
FDX-00267,Consumer Goods Inc,enterprise,retail,50000.0,23,poor,1,14,International,21,4,in-progress,medium,0.287,14349.32,
FDX-00268,Assembly Solutions,small_business,manufacturing,2000.0,81,excellent,5,17,International,6,3,assigned,high,0.6981,1396.16,
FDX-00269,MediTech Partners,small_business,healthcare,2000.0,22,poor,0,22,US_Domestic,19,2,new,low,0.2397,479.45,
FDX-00270,Data Analytics,mid_market,technology,10000.0,8,good,0,8,US_Domestic,20,3,new,low,0.7481,7480.82,
FDX-00271,MediTech Partners,small_business,healthcare,2000.0,62,good,4,58,US_Domestic,41,2,assigned,high,0.5801,1160.27,
FDX-00272,Production Facilities,small_business,manufacturing,2000.0,25,good,1,24,International,31,3,escalated,low,0.6815,1363.01,
FDX-00273,Enterprise Solutions,small_business,other,2000.0,47,good,3,10,US_Domestic,7,3,assigned,medium,0.6212,1242.47,
FDX-00274,Online Marketplace,enterprise,retail,50000.0,112,good,7,41,US_Domestic,27,4,assigned,high,0.4932,24657.53,
FDX-00275,General Business LLC,small_business,other,2000.0,42,poor,2,11,US_Domestic,16,3,in-progress,medium,0.1849,369.86,
FDX-00276,Cloud Services Co,small_business,technology,2000.0,56,poor,3,27,International,20,3,in-progress,medium,0.1466,293.15,
FDX-00277,Vehicle Systems,mid_market,automotive,10000.0,36,fair,2,16,US_Domestic,54,3,escalated,medium,0.4714,4713.7,
FDX-00278,HealthCare Systems,small_business,healthcare,2000.0,3,good,1,1,US_Domestic,17,2,in-progress,low,0.7418,1483.56,
FDX-00279,Software Systems,mid_market,technology,10000.0,130,excellent,8,23,International,24,3,in-progress,high,0.5838,5838.36,
FDX-00280,Digital Innovations,mid_market,technology,10000.0,91,fair,6,20,US_Domestic,31,3,in-progress,high,0.3207,3206.85,
FDX-00281,Production Facilities,small_business,manufacturing,2000.0,95,fair,6,52,US_Domestic,29,3,in-progress,high,0.2897,579.45,
FDX-00282,Industrial Components,small_business,manufacturing,2000.0,60,excellent,4,31,US_Domestic,39,3,resolved,medium,0.7556,1511.23,1599.33
FDX-00283,HealthCare Systems,small_business,healthcare,2000.0,88,fair,5,2,International,26,2,in-progress,high,0.3089,617.81,
FDX-00284,Digital Innovations,small_business,technology,2000.0,23,fair,0,23,International,56,3,new,low,0.487,973.97,
FDX-00285,Clinical Services,enterprise,healthcare,50000.0,25,excellent,1,14,US_Domestic,68,2,assigned,medium,0.9015,45075.34,
FDX-00286,HealthCare Systems,enterprise,healthcare,50000.0,15,excellent,0,15,International,25,2,new,medium,0.9289,46445.21,
FDX-00287,Parts Warehouse,mid_market,automotive,10000.0,108,fair,0,108,International,55,3,new,high,0.2741,2741.1,
FDX-00288,Manufacturing Systems,mid_market,manufacturing,10000.0,11,excellent,1,2,US_Domestic,54,3,resolved,low,0.9099,9098.63,9810.51
FDX-00289,Cloud Services Co,small_business,technology,2000.0,101,fair,6,6,International,33,3,in-progress,high,0.2733,546.58,
FDX-00290,Pharma Logistics,enterprise,healthcare,50000.0,52,fair,3,46,US_Domestic,56,2,escalated,medium,0.4575,22876.71,
FDX-00291,Cloud Services Co,small_business,technology,2000.0,65,fair,4,45,US_Domestic,12,3,resolved,high,0.3719,743.84,783.63
FDX-00292,Fashion Outlets,mid_market,retail,10000.0,42,poor,0,42,US_Domestic,42,4,new,medium,0.2049,2049.32,
FDX-00293,Fashion Outlets,small_business,retail,2000.0,77,excellent,5,6,US_Domestic,7,4,in-progress,high,0.709,1418.08,
FDX-00294,Auto Parts Distributors,enterprise,automotive,50000.0,33,good,2,16,US_Domestic,56,3,resolved,medium,0.7096,35479.45,34741.03
FDX-00295,Cloud Services Co,small_business,technology,2000.0,84,good,5,57,US_Domestic,3,3,in-progress,high,0.5199,1039.73,
FDX-00296,Retail Dynamics,small_business,retail,2000.0,23,poor,1,10,US_Domestic,18,4,in-progress,low,0.237,473.97,
FDX-00297,Assembly Solutions,small_business,manufacturing,2000.0,179,good,11,1,US_Domestic,17,3,assigned,high,0.35,700.0,
FDX-00298,Fashion Outlets,small_business,retail,2000.0,60,poor,4,59,US_Domestic,45,4,in-progress,medium,0.1356,271.23,
FDX-00299,Online Marketplace,mid_market,retail,10000.0,32,fair,2,4,US_Domestic,45,4,in-progress,medium,0.4823,4823.29,
FDX-00300,Automotive Solutions,enterprise,automotive,50000.0,68,fair,4,33,US_Domestic,4,3,resolved,high,0.4137,20684.93,19554.25
FDX-00301,E-Commerce Solutions,enterprise,retail,50000.0,120,good,8,44,International,36,4,escalated,high,0.4712,23561.64,
FDX-00302,E-Commerce Solutions,small_business,retail,2000.0,97,fair,6,16,International,33,4,in-progress,high,0.2842,568.49,
FDX-00303,Clinical Services,mid_market,healthcare,10000.0,73,excellent,4,15,US_Domestic,10,2,resolved,high,0.74,7400.0,7925.11
FDX-00304,Retail Dynamics,mid_market,retail,10000.0,59,excellent,0,59,US_Domestic,39,4,new,medium,0.7784,7783.56,
FDX-00305,Manufacturing Systems,small_business,manufacturing,2000.0,110,fair,7,49,US_Domestic,25,3,in-progress,high,0.2486,497.26,
FDX-00306,HealthCare Systems,mid_market,healthcare,10000.0,89,poor,0,89,US_Domestic,10,2,new,high,0.1,1000.0,
FDX-00307,Medical Supplies Co,mid_market,healthcare,10000.0,38,poor,2,16,International,36,2,in-progress,medium,0.2159,2158.9,
FDX-00308,Production Facilities,small_business,manufacturing,2000.0,47,fair,3,26,International,25,3,escalated,medium,0.4212,842.47,
FDX-00309,MediTech Partners,small_business,healthcare,2000.0,72,fair,4,28,International,17,2,in-progress,high,0.3527,705.48,
FDX-00310,Production Facilities,mid_market,manufacturing,10000.0,99,good,6,45,US_Domestic,61,3,resolved,high,0.4988,4987.67,4971.51
FDX-00311,Enterprise Solutions,small_business,other,2000.0,22,good,1,12,US_Domestic,16,3,assigned,low,0.6897,1379.45,
FDX-00312,Tech Solutions Inc,small_business,technology,2000.0,37,fair,0,37,US_Domestic,60,3,new,medium,0.4486,897.26,
FDX-00313,Cloud Services Co,mid_market,technology,10000.0,77,good,0,77,US_Domestic,23,3,new,high,0.559,5590.41,
FDX-00314,E-Commerce Solutions,mid_market,retail,10000.0,61,good,4,25,International,22,4,resolved,high,0.6029,6028.77,5665.41
FDX-00315,Retail Dynamics,mid_market,retail,10000.0,16,excellent,0,16,US_Domestic,61,4,new,low,0.8962,8961.64,
FDX-00316,E-Commerce Solutions,small_business,retail,2000.0,40,good,2,5,US_Domestic,26,4,assigned,medium,0.6404,1280.82,
FDX-00317,Tech Solutions Inc,small_business,technology,2000.0,65,excellent,0,65,US_Domestic,29,3,new,high,0.7419,1483.84,
FDX-00318,Tech Solutions Inc,small_business,technology,2000.0,20,fair,1,14,US_Domestic,21,3,escalated,low,0.4952,990.41,
FDX-00319,Commercial Services,mid_market,other,10000.0,144,good,0,144,US_Domestic,20,3,new,high,0.3755,3754.79,
FDX-00320,Parts Warehouse,mid_market,automotive,10000.0,45,fair,3,19,International,43,3,resolved,medium,0.4467,4467.12,4117.81
FDX-00321,Fashion Outlets,enterprise,retail,50000.0,28,good,1,6,International,25,4,assigned,medium,0.7233,36164.38,
FDX-00322,Clinical Services,small_business,healthcare,2000.0,35,excellent,2,21,International,16,2,escalated,medium,0.8241,1648.22,
FDX-00323,Production Facilities,small_business,manufacturing,2000.0,84,good,0,84,International,45,3,new,high,0.5199,1039.73,
FDX-00324,Production Facilities,small_business,manufacturing,2000.0,12,fair,1,3,International,34,3,resolved,low,0.5171,1034.25,1080.86
FDX-00325,Cloud Services Co,small_business,technology,2000.0,46,poor,3,15,US_Domestic,21,3,assigned,medium,0.174,347.95,
FDX-00326,Commercial Services,small_business,other,2000.0,20,fair,1,6,US_Domestic,46,3,in-progress,low,0.4952,990.41,
FDX-00327,Online Marketplace,mid_market,retail,10000.0,74,good,4,17,US_Domestic,36,4,in-progress,high,0.5673,5672.6,
FDX-00328,Tech Solutions Inc,small_business,technology,2000.0,41,poor,2,22,International,30,3,resolved,medium,0.1877,375.34,355.21
FDX-00329,Online Marketplace,enterprise,retail,50000.0,17,good,0,17,US_Domestic,28,4,new,medium,0.7534,37671.23,
FDX-00330,Auto Parts Distributors,small_business,automotive,2000.0,68,excellent,4,4,International,31,3,in-progress,high,0.7337,1467.4,
FDX-00331,Retail Dynamics,small_business,retail,2000.0,77,poor,5,42,US_Domestic,12,4,assigned,high,0.1,200.0,
FDX-00332,Medical Supplies Co,small_business,healthcare,2000.0,58,excellent,3,30,US_Domestic,17,2,assigned,medium,0.7611,1522.19,
FDX-00333,Digital Innovations,mid_market,technology,10000.0,38,excellent,2,19,US_Domestic,53,3,in-progress,medium,0.8359,8358.9,
FDX-00334,Assembly Solutions,small_business,manufacturing,2000.0,29,good,1,14,US_Domestic,42,3,in-progress,low,0.6705,1341.1,
FDX-00335,Manufacturing Systems,small_business,manufacturing,2000.0,68,excellent,4,45,US_Domestic,29,3,in-progress,high,0.7337,1467.4,
FDX-00336,Production Facilities,enterprise,manufacturing,50000.0,36,good,2,34,US_Domestic,48,3,assigned,medium,0.7014,35068.49,
FDX-00337,Software Systems,enterprise,technology,50000.0,19,excellent,1,4,US_Domestic,35,3,in-progress,medium,0.9179,45897.26,
FDX-00338,Consumer Goods Inc,small_business,retail,2000.0,113,good,7,50,US_Domestic,63,4,in-progress,high,0.4404,880.82,
FDX-00339,Assembly Solutions,enterprise,manufacturing,50000.0,48,excellent,3,45,US_Domestic,47,3,in-progress,medium,0.8385,41924.66,
FDX-00340,Medical Supplies Co,mid_market,healthcare,10000.0,46,poor,3,11,US_Domestic,6,2,assigned,medium,0.194,1939.73,
FDX-00341,General Business LLC,mid_market,other,10000.0,18,good,1,15,International,7,3,escalated,low,0.7207,7206.85,
FDX-00342,Software Systems,small_business,technology,2000.0,68,poor,4,44,International,12,3,in-progress,high,0.1137,227.4,
FDX-00343,Parts Warehouse,small_business,automotive,2000.0,95,excellent,6,1,US_Domestic,62,3,resolved,high,0.6597,1319.45,1281.71
FDX-00344,Assembly Solutions,mid_market,manufacturing,10000.0,45,good,0,45,US_Domestic,38,3,new,medium,0.6467,6467.12,
FDX-00345,Automotive Solutions,mid_market,automotive,10000.0,60,good,0,60,US_Domestic,36,3,new,medium,0.6056,6056.16,
FDX-00346,Fashion Outlets,small_business,retail,2000.0,69,good,4,46,US_Domestic,48,4,escalated,high,0.561,1121.92,
FDX-00347,Auto Parts Distributors,mid_market,automotive,10000.0,48,excellent,3,5,International,51,3,in-progress,medium,0.8085,8084.93,
FDX-00348,Auto Parts Distributors,small_business,automotive,2000.0,59,good,3,10,International,5,3,assigned,medium,0.5884,1176.71,
FDX-00349,Parts Warehouse,small_business,automotive,2000.0,52,fair,3,4,US_Domestic,11,3,resolved,medium,0.4075,815.07,737.6
FDX-00350,Retail Dynamics,mid_market,retail,10000.0,10,fair,1,6,International,19,4,assigned,low,0.5426,5426.03,
FDX-00351,Assembly Solutions,mid_market,manufacturing,10000.0,37,poor,0,37,US_Domestic,14,3,new,medium,0.2186,2186.3,
FDX-00352,Tech Solutions Inc,mid_market,technology,10000.0,44,excellent,2,42,US_Domestic,38,3,assigned,medium,0.8195,8194.52,
FDX-00353,Fashion Outlets,mid_market,retail,10000.0,41,good,2,30,US_Domestic,25,4,in-progress,medium,0.6577,6576.71,
FDX-00354,Digital Innovations,small_business,technology,2000.0,34,excellent,2,8,US_Domestic,22,3,in-progress,medium,0.8268,1653.7,
FDX-00355,Clinical Services,small_business,healthcare,2000.0,111,fair,7,24,US_Domestic,4,2,escalated,high,0.2459,491.78,
FDX-00356,Parts Warehouse,small_business,automotive,2000.0,27,good,1,8,US_Domestic,43,3,escalated,low,0.676,1352.05,
FDX-00357,Consumer Goods Inc,mid_market,retail,10000.0,50,excellent,3,40,US_Domestic,19,4,escalated,medium,0.803,8030.14,
FDX-00358,Vehicle Systems,mid_market,automotive,10000.0,86,fair,0,86,International,26,3,new,high,0.3344,3343.84,
FDX-00359,Consumer Goods Inc,mid_market,retail,10000.0,73,poor,0,73,US_Domestic,18,4,new,high,0.12,1200.0,
FDX-00360,HealthCare Systems,small_business,healthcare,2000.0,26,fair,1,21,US_Domestic,25,2,in-progress,low,0.4788,957.53,
FDX-00361,Digital Innovations,enterprise,technology,50000.0,46,excellent,3,32,US_Domestic,18,3,in-progress,medium,0.844,42198.63,
FDX-00362,Production Facilities,small_business,manufacturing,2000.0,34,fair,0,34,International,21,3,new,medium,0.4568,913.7,
FDX-00363,Auto Parts Distributors,small_business,automotive,2000.0,38,fair,2,16,US_Domestic,33,3,in-progress,medium,0.4459,891.78,
FDX-00364,Fashion Outlets,small_business,retail,2000.0,66,good,0,66,International,28,4,new,high,0.5692,1138.36,
FDX-00365,HealthCare Systems,mid_market,healthcare,10000.0,33,good,2,12,US_Domestic,48,2,assigned,medium,0.6796,6795.89,
FDX-00366,Auto Parts Distributors,mid_market,automotive,10000.0,42,excellent,0,42,International,18,3,new,medium,0.8249,8249.32,
FDX-00367,Medical Supplies Co,enterprise,healthcare,50000.0,49,excellent,3,13,International,17,2,in-progress,medium,0.8358,41787.67,
FDX-00368,Enterprise Solutions,small_business,other,2000.0,118,excellent,7,52,US_Domestic,42,3,escalated,high,0.5967,1193.42,
FDX-00369,Fashion Outlets,small_business,retail,2000.0,102,fair,6,45,US_Domestic,19,4,in-progress,high,0.2705,541.1,
FDX-00370,Cloud Services Co,mid_market,technology,10000.0,104,fair,6,42,International,21,3,in-progress,high,0.2851,2850.68,
FDX-00371,Software Systems,small_business,technology,2000.0,43,excellent,0,43,US_Domestic,21,3,new,medium,0.8022,1604.38,
FDX-00372,Cloud Services Co,small_business,technology,2000.0,71,good,4,15,US_Domestic,56,3,in-progress,high,0.5555,1110.96,
FDX-00373,Digital Innovations,mid_market,technology,10000.0,54,good,3,18,International,34,3,in-progress,medium,0.6221,6220.55,
FDX-00374,Consumer Goods Inc,small_business,retail,2000.0,114,fair,7,59,International,41,4,in-progress,high,0.2377,475.34,
FDX-00375,Cloud Services Co,small_business,technology,2000.0,32,good,0,32,International,39,3,new,medium,0.6623,1324.66,
FDX-00376,Data Analytics,mid_market,technology,10000.0,66,good,4,4,US_Domestic,57,3,escalated,high,0.5892,5891.78,
FDX-00377,Digital Innovations,small_business,technology,2000.0,103,excellent,6,3,US_Domestic,7,3,escalated,high,0.6378,1275.62,
FDX-00378,Cloud Services Co,mid_market,technology,10000.0,20,excellent,1,6,International,16,3,in-progress,low,0.8852,8852.05,
FDX-00379,MediTech Partners,small_business,healthcare,2000.0,71,fair,4,13,US_Domestic,58,2,escalated,high,0.3555,710.96,
FDX-00380,Online Marketplace,mid_market,retail,10000.0,97,excellent,6,12,US_Domestic,3,4,resolved,high,0.6742,6742.47,6071.02
FDX-00381,Industrial Components,small_business,manufacturing,2000.0,21,good,0,21,US_Domestic,34,3,new,low,0.6925,1384.93,
FDX-00382,E-Commerce Solutions,mid_market,retail,10000.0,80,fair,5,22,US_Domestic,19,4,resolved,high,0.3508,3508.22,3343.72
FDX-00383,Clinical Services,small_business,healthcare,2000.0,60,good,4,42,US_Domestic,39,2,in-progress,medium,0.5856,1171.23,
FDX-00384,Medical Supplies Co,mid_market,healthcare,10000.0,66,good,0,66,US_Domestic,25,2,new,high,0.5892,5891.78,
FDX-00385,E-Commerce Solutions,small_business,retail,2000.0,62,poor,4,39,International,20,4,assigned,high,0.1301,260.27,
FDX-00386,Software Systems,enterprise,technology,50000.0,25,excellent,1,1,US_Domestic,5,3,resolved,medium,0.9015,45075.34,45871.97
FDX-00387,Clinical Services,enterprise,healthcare,50000.0,65,excellent,4,31,US_Domestic,33,2,resolved,high,0.7919,39595.89,41041.23
FDX-00388,Digital Innovations,small_business,technology,2000.0,48,excellent,0,48,US_Domestic,13,3,new,medium,0.7885,1576.99,
FDX-00389,Retail Dynamics,mid_market,retail,10000.0,64,excellent,4,21,International,7,4,escalated,high,0.7647,7646.58,
FDX-00390,Manufacturing Systems,enterprise,manufacturing,50000.0,21,excellent,0,21,US_Domestic,21,3,new,medium,0.9125,45623.29,
FDX-00391,General Business LLC,mid_market,other,10000.0,51,fair,3,29,US_Domestic,44,3,resolved,medium,0.4303,4302.74,4454.36
FDX-00392,HealthCare Systems,small_business,healthcare,2000.0,9,fair,1,5,International,23,2,assigned,low,0.5253,1050.68,
FDX-00393,Fashion Outlets,enterprise,retail,50000.0,76,excellent,5,45,International,14,4,in-progress,high,0.7618,38089.04,
FDX-00394,Tech Solutions Inc,small_business,technology,2000.0,70,fair,4,43,International,15,3,assigned,high,0.3582,716.44,
FDX-00395,Pharma Logistics,small_business,healthcare,2000.0,79,poor,5,36,US_Domestic,38,2,in-progress,high,0.1,200.0,
FDX-00396,HealthCare Systems,enterprise,healthcare,50000.0,111,excellent,7,52,International,22,2,in-progress,high,0.6659,33294.52,
FDX-00397,Digital Innovations,mid_market,technology,10000.0,45,excellent,3,37,US_Domestic,4,3,in-progress,medium,0.8167,8167.12,
FDX-00398,Automotive Solutions,mid_market,automotive,10000.0,60,good,4,7,US_Domestic,30,3,in-progress,medium,0.6056,6056.16,
FDX-00399,Parts Warehouse,mid_market,automotive,10000.0,29,good,1,18,International,26,3,escalated,low,0.6905,6905.48,
FDX-00400,General Business LLC,small_business,other,2000.0,84,excellent,5,13,US_Domestic,18,3,resolved,high,0.6899,1379.73,1511.47
FDX-00401,Assembly Solutions,enterprise,manufacturing,50000.0,18,excellent,1,9,US_Domestic,41,3,assigned,medium,0.9207,46034.25,
FDX-00402,Clinical Services,enterprise,healthcare,50000.0,106,excellent,7,5,US_Domestic,49,2,assigned,high,0.6796,33979.45,
FDX-00403,Medical Supplies Co,small_business,healthcare,2000.0,14,fair,1,6,International,39,2,escalated,low,0.5116,1023.29,
FDX-00404,MediTech Partners,mid_market,healthcare,10000.0,42,fair,2,8,International,28,2,assigned,medium,0.4549,4549.32,
FDX-00405,Medical Supplies Co,small_business,healthcare,2000.0,23,excellent,1,9,US_Domestic,72,2,in-progress,low,0.857,1713.97,
FDX-00406,Parts Warehouse,small_business,automotive,2000.0,17,fair,1,11,International,16,3,in-progress,low,0.5034,1006.85,
FDX-00407,Consumer Goods Inc,mid_market,retail,10000.0,133,good,8,55,US_Domestic,21,4,assigned,high,0.4056,4056.16,
FDX-00408,Fashion Outlets,small_business,retail,2000.0,43,fair,2,9,US_Domestic,12,4,in-progress,medium,0.4322,864.38,
FDX-00409,Enterprise Solutions,enterprise,other,50000.0,22,excellent,1,20,International,42,3,escalated,medium,0.9097,45486.3,
FDX-00410,Automotive Solutions,small_business,automotive,2000.0,46,poor,3,36,International,15,3,in-progress,medium,0.174,347.95,
FDX-00411,HealthCare Systems,mid_market,healthcare,10000.0,21,fair,1,3,US_Domestic,7,2,resolved,low,0.5125,5124.66,4749.56
FDX-00412,Trading Company,mid_market,other,10000.0,113,fair,7,40,US_Domestic,23,3,escalated,high,0.2604,2604.11,
FDX-00413,Data Analytics,small_business,technology,2000.0,57,fair,0,57,International,8,3,new,medium,0.3938,787.67,
FDX-00414,General Business LLC,mid_market,other,10000.0,63,fair,0,63,International,25,3,new,high,0.3974,3973.97,
FDX-00415,Consumer Goods Inc,small_business,retail,2000.0,31,good,2,3,US_Domestic,21,4,resolved,medium,0.6651,1330.14,1335.69
FDX-00416,Clinical Services,small_business,healthcare,2000.0,98,excellent,0,98,US_Domestic,19,2,new,high,0.6515,1303.01,
FDX-00417,Commercial Services,small_business,other,2000.0,36,good,2,18,US_Domestic,42,3,resolved,medium,0.6514,1302.74,1214.38
FDX-00418,Automotive Solutions,mid_market,automotive,10000.0,31,good,2,26,US_Domestic,28,3,in-progress,medium,0.6851,6850.68,
FDX-00419,Clinical Services,mid_market,healthcare,10000.0,158,fair,10,6,International,55,2,escalated,high,0.17,1700.0,
FDX-00420,Manufacturing Systems,enterprise,manufacturing,50000.0,47,good,3,16,US_Domestic,8,3,escalated,medium,0.6712,33561.64,
FDX-00421,Online Marketplace,mid_market,retail,10000.0,90,fair,6,20,International,24,4,assigned,high,0.3234,3234.25,
FDX-00422,Medical Supplies Co,small_business,healthcare,2000.0,42,good,2,32,US_Domestic,32,2,escalated,medium,0.6349,1269.86,
FDX-00423,Fashion Outlets,small_business,retail,2000.0,37,fair,2,28,US_Domestic,20,4,assigned,medium,0.4486,897.26,
FDX-00424,Software Systems,mid_market,technology,10000.0,110,excellent,0,110,US_Domestic,15,3,new,high,0.6386,6386.3,
FDX-00425,Trading Company,mid_market,other,10000.0,37,excellent,0,37,US_Domestic,26,3,new,medium,0.8386,8386.3,
FDX-00426,Medical Supplies Co,enterprise,healthcare,50000.0,34,excellent,2,23,US_Domestic,35,2,assigned,medium,0.8768,43842.47,
FDX-00427,Consumer Goods Inc,mid_market,retail,10000.0,19,fair,0,19,International,3,4,new,low,0.5179,5179.45,
FDX-00428,Tech Solutions Inc,mid_market,technology,10000.0,42,excellent,2,40,International,12,3,assigned,medium,0.8249,8249.32,
FDX-00429,Fashion Outlets,small_business,retail,2000.0,58,poor,3,14,US_Domestic,32,4,in-progress,medium,0.1411,282.19,
FDX-00430,Pharma Logistics,small_business,healthcare,2000.0,14,excellent,1,7,International,29,2,resolved,low,0.8816,1763.29,1629.76
FDX-00431,Data Analytics,enterprise,technology,50000.0,133,good,8,58,International,33,3,in-progress,high,0.4356,21780.82,
FDX-00432,Digital Innovations,mid_market,technology,10000.0,134,excellent,8,25,International,34,3,assigned,high,0.5729,5728.77,
FDX-00433,Consumer Goods Inc,mid_market,retail,10000.0,99,excellent,0,99,International,17,4,new,high,0.6688,6687.67,
FDX-00434,Cloud Services Co,small_business,technology,2000.0,102,good,6,47,International,45,3,in-progress,high,0.4705,941.1,
FDX-00435,Consumer Goods Inc,mid_market,retail,10000.0,95,good,0,95,US_Domestic,21,4,new,high,0.5097,5097.26,
FDX-00436,Assembly Solutions,small_business,manufacturing,2000.0,52,excellent,3,46,US_Domestic,5,3,in-progress,medium,0.7775,1555.07,
FDX-00437,Auto Parts Distributors,small_business,automotive,2000.0,49,good,3,13,US_Domestic,22,3,assigned,medium,0.6158,1231.51,
FDX-00438,Retail Dynamics,enterprise,retail,50000.0,34,good,2,25,International,15,4,escalated,medium,0.7068,35342.47,
FDX-00439,Consumer Goods Inc,mid_market,retail,10000.0,30,fair,2,4,International,15,4,resolved,low,0.4878,4878.08,5365.24
FDX-00440,Clinical Services,enterprise,healthcare,50000.0,118,poor,7,13,US_Domestic,32,2,escalated,high,0.1,5000.0,
FDX-00441,Automotive Solutions,mid_market,automotive,10000.0,169,poor,11,23,International,22,3,in-progress,high,0.1,1000.0,
FDX-00442,Industrial Components,small_business,manufacturing,2000.0,53,poor,3,8,US_Domestic,28,3,in-progress,medium,0.1548,309.59,
FDX-00443,Retail Dynamics,small_business,retail,2000.0,84,fair,5,16,US_Domestic,16,4,in-progress,high,0.3199,639.73,
FDX-00444,Software Systems,small_business,technology,2000.0,37,good,2,32,International,15,3,escalated,medium,0.6486,1297.26,
FDX-00445,Consumer Goods Inc,mid_market,retail,10000.0,38,fair,2,22,International,45,4,in-progress,medium,0.4659,4658.9,
FDX-00446,Medical Supplies Co,small_business,healthcare,2000.0,25,excellent,1,19,US_Domestic,5,2,resolved,low,0.8515,1703.01,1549.6
FDX-00447,Software Systems,mid_market,technology,10000.0,130,good,8,44,International,20,3,assigned,high,0.4138,4138.36,
FDX-00448,Trading Company,enterprise,other,50000.0,102,good,6,47,International,12,3,escalated,high,0.5205,26027.4,
FDX-00449,Tech Solutions Inc,small_business,technology,2000.0,50,good,3,43,US_Domestic,24,3,in-progress,medium,0.613,1226.03,
FDX-00450,Consumer Goods Inc,mid_market,retail,10000.0,89,good,5,7,US_Domestic,22,4,escalated,high,0.5262,5261.64,
FDX-00451,Tech Solutions Inc,small_business,technology,2000.0,46,poor,0,46,US_Domestic,23,3,new,medium,0.174,347.95,
FDX-00452,Data Analytics,mid_market,technology,10000.0,35,excellent,2,19,US_Domestic,45,3,escalated,medium,0.8441,8441.1,
FDX-00453,Commercial Services,mid_market,other,10000.0,98,fair,6,6,International,14,3,in-progress,high,0.3015,3015.07,
FDX-00454,Industrial Components,small_business,manufacturing,2000.0,11,good,0,11,US_Domestic,39,3,new,low,0.7199,1439.73,
FDX-00455,Pharma Logistics,small_business,healthcare,2000.0,26,good,1,23,US_Domestic,10,2,in-progress,low,0.6788,1357.53,
FDX-00456,Enterprise Solutions,mid_market,other,10000.0,54,fair,3,22,US_Domestic,17,3,in-progress,medium,0.4221,4220.55,
FDX-00457,Assembly Solutions,mid_market,manufacturing,10000.0,175,poor,0,175,International,17,3,new,high,0.1,1000.0,
FDX-00458,Fashion Outlets,small_business,retail,2000.0,55,poor,3,45,US_Domestic,17,4,resolved,medium,0.1493,298.63,294.01
FDX-00459,Retail Dynamics,mid_market,retail,10000.0,77,poor,5,38,International,47,4,assigned,high,0.109,1090.41,
FDX-00460,Trading Company,small_business,other,2000.0,32,good,2,2,International,15,3,in-progress,medium,0.6623,1324.66,
FDX-00461,Industrial Components,mid_market,manufacturing,10000.0,43,good,2,20,US_Domestic,23,3,in-progress,medium,0.6522,6521.92,
FDX-00462,Parts Warehouse,mid_market,automotive,10000.0,39,excellent,2,20,US_Domestic,29,3,escalated,medium,0.8332,8331.51,
FDX-00463,E-Commerce Solutions,small_business,retail,2000.0,176,excellent,11,1,US_Domestic,15,4,assigned,high,0.52,1040.0,
FDX-00464,Fashion Outlets,mid_market,retail,10000.0,25,good,1,19,US_Domestic,4,4,resolved,low,0.7015,7015.07,6319.05
FDX-00465,Retail Dynamics,mid_market,retail,10000.0,73,excellent,4,22,US_Domestic,42,4,assigned,high,0.74,7400.0,
FDX-00466,Vehicle Systems,small_business,automotive,2000.0,66,fair,4,47,US_Domestic,15,3,escalated,high,0.3692,738.36,
FDX-00467,Retail Dynamics,small_business,retail,2000.0,37,fair,2,10,International,17,4,escalated,medium,0.4486,897.26,
FDX-00468,E-Commerce Solutions,enterprise,retail,50000.0,64,excellent,4,34,International,19,4,assigned,high,0.7947,39732.88,
FDX-00469,Commercial Services,small_business,other,2000.0,82,poor,5,22,US_Domestic,17,3,in-progress,high,0.1,200.0,
FDX-00470,Data Analytics,enterprise,technology,50000.0,75,fair,5,34,US_Domestic,45,3,escalated,high,0.3945,19726.03,
FDX-00471,Retail Dynamics,enterprise,retail,50000.0,47,good,3,10,International,7,4,resolved,medium,0.6712,33561.64,33619.93
FDX-00472,General Business LLC,mid_market,other,10000.0,68,good,4,30,International,37,3,escalated,high,0.5837,5836.99,
FDX-00473,Commercial Services,mid_market,other,10000.0,54,poor,3,47,US_Domestic,10,3,assigned,medium,0.1721,1720.55,
FDX-00474,HealthCare Systems,enterprise,healthcare,50000.0,20,excellent,1,16,US_Domestic,4,2,assigned,medium,0.9152,45760.27,
FDX-00475,Assembly Solutions,small_business,manufacturing,2000.0,12,good,1,3,US_Domestic,46,3,in-progress,low,0.7171,1434.25,
FDX-00476,HealthCare Systems,mid_market,healthcare,10000.0,32,excellent,2,3,International,40,2,assigned,medium,0.8523,8523.29,
FDX-00477,Trading Company,small_business,other,2000.0,47,poor,0,47,US_Domestic,2,3,new,medium,0.1712,342.47,
FDX-00478,Assembly Solutions,small_business,manufacturing,2000.0,20,good,1,12,International,19,3,escalated,low,0.6952,1390.41,
FDX-00479,Consumer Goods Inc,small_business,retail,2000.0,47,poor,3,9,US_Domestic,23,4,in-progress,medium,0.1712,342.47,
FDX-00480,Clinical Services,mid_market,healthcare,10000.0,35,good,2,13,International,28,2,resolved,medium,0.6741,6741.1,7096.08
FDX-00481,Trading Company,small_business,other,2000.0,34,excellent,2,20,US_Domestic,26,3,in-progress,medium,0.8268,1653.7,
FDX-00482,Trading Company,mid_market,other,10000.0,132,fair,8,15,US_Domestic,17,3,in-progress,high,0.2084,2083.56,
FDX-00483,Data Analytics,mid_market,technology,10000.0,29,good,1,25,International,26,3,resolved,low,0.6905,6905.48,6432.28
FDX-00484,Software Systems,small_business,technology,2000.0,46,fair,3,3,International,18,3,resolved,medium,0.424,847.95,825.68
FDX-00485,Software Systems,mid_market,technology,10000.0,32,fair,2,2,International,12,3,assigned,medium,0.4823,4823.29,
FDX-00486,Consumer Goods Inc,small_business,retail,2000.0,36,good,2,10,US_Domestic,18,4,assigned,medium,0.6514,1302.74,
FDX-00487,Auto Parts Distributors,mid_market,automotive,10000.0,75,excellent,5,25,International,8,3,escalated,high,0.7345,7345.21,
FDX-00488,Enterprise Solutions,small_business,other,2000.0,12,poor,1,1,US_Domestic,66,3,assigned,low,0.2671,534.25,
FDX-00489,HealthCare Systems,mid_market,healthcare,10000.0,24,good,0,24,US_Domestic,46,2,new,low,0.7042,7042.47,
FDX-00490,Cloud Services Co,enterprise,technology,50000.0,7,excellent,1,3,US_Domestic,20,3,in-progress,medium,0.9508,47541.1,
FDX-00491,Medical Supplies Co,mid_market,healthcare,10000.0,23,fair,1,6,US_Domestic,6,2,assigned,low,0.507,5069.86,
FDX-00492,Enterprise Solutions,small_business,other,2000.0,79,fair,5,37,International,21,3,assigned,high,0.3336,667.12,
FDX-00493,E-Commerce Solutions,small_business,retail,2000.0,47,fair,3,18,US_Domestic,60,4,assigned,medium,0.4212,842.47,
FDX-00494,Pharma Logistics,small_business,healthcare,2000.0,101,fair,0,101,US_Domestic,36,2,new,high,0.2733,546.58,
FDX-00495,Software Systems,small_business,technology,2000.0,36,fair,2,6,US_Domestic,43,3,assigned,medium,0.4514,902.74,
FDX-00496,Medical Supplies Co,small_business,healthcare,2000.0,99,good,6,12,US_Domestic,12,2,in-progress,high,0.4788,957.53,
FDX-00497,Retail Dynamics,mid_market,retail,10000.0,18,fair,1,3,US_Domestic,59,4,assigned,low,0.5207,5206.85,
FDX-00498,Manufacturing Systems,small_business,manufacturing,2000.0,57,good,3,38,International,15,3,in-progress,medium,0.5938,1187.67,
FDX-00499,Retail Dynamics,mid_market,retail,10000.0,42,poor,2,23,US_Domestic,10,4,escalated,medium,0.2049,2049.32,
FDX-00500,Pharma Logistics,enterprise,healthcare,50000.0,54,good,3,28,International,20,2,escalated,medium,0.6521,32602.74,
